,set_size,trial_num,method_num,space
0,100,0,0,3200
1,100,0,1,1700
2,100.0,0.0,2.0,1666.5
3,100.0,0.0,3.0,2579.0
4,100.0,0.0,4.0,2559.46875
5,100,1,0,3200
6,100,1,1,1700
7,100.0,1.0,2.0,1670.5
8,100.0,1.0,3.0,2583.0
9,100.0,1.0,4.0,2563.46875
10,100,2,0,3200
11,100,2,1,1600
12,100.0,2.0,2.0,1645.5
13,100.0,2.0,3.0,2558.0
14,100.0,2.0,4.0,2538.46875
15,100,3,0,3200
16,100,3,1,1900
17,100.0,3.0,2.0,1701.75
18,100.0,3.0,3.0,2620.5
19,100.0,3.0,4.0,2591.203125
20,100,4,0,3200
21,100,4,1,1600
22,100.0,4.0,2.0,1664.5
23,100.0,4.0,3.0,2577.0
24,100.0,4.0,4.0,2557.46875
25,100,5,0,3200
26,100,5,1,1800
27,100.0,5.0,2.0,1642.625
28,100.0,5.0,3.0,2558.25
29,100.0,5.0,4.0,2533.8359375
30,100,6,0,3200
31,100,6,1,1600
32,100.0,6.0,2.0,1642.5
33,100.0,6.0,3.0,2555.0
34,100.0,6.0,4.0,2535.46875
35,100,7,0,3200
36,100,7,1,1700
37,100.0,7.0,2.0,1660.625
38,100.0,7.0,3.0,2576.25
39,100.0,7.0,4.0,2551.8359375
40,100,8,0,3200
41,100,8,1,1800
42,100.0,8.0,2.0,1607.625
43,100.0,8.0,3.0,2523.25
44,100.0,8.0,4.0,2498.8359375
45,100,9,0,3200
46,100,9,1,1700
47,100.0,9.0,2.0,1627.375
48,100.0,9.0,3.0,2536.75
49,100.0,9.0,4.0,2522.1015625
50,100,10,0,3200
51,100,10,1,1700
52,100.0,10.0,2.0,1672.625
53,100.0,10.0,3.0,2588.25
54,100.0,10.0,4.0,2563.8359375
55,100,11,0,3200
56,100,11,1,1700
57,100.0,11.0,2.0,1691.625
58,100.0,11.0,3.0,2607.25
59,100.0,11.0,4.0,2582.8359375
60,100,12,0,3200
61,100,12,1,1700
62,100.0,12.0,2.0,1673.625
63,100.0,12.0,3.0,2589.25
64,100.0,12.0,4.0,2564.8359375
65,100,13,0,3200
66,100,13,1,1700
67,100.0,13.0,2.0,1635.625
68,100.0,13.0,3.0,2551.25
69,100.0,13.0,4.0,2526.8359375
70,100,14,0,3200
71,100,14,1,1300
72,100.0,14.0,2.0,1641.25
73,100.0,14.0,3.0,2547.5
74,100.0,14.0,4.0,2537.734375
75,100,15,0,3200
76,100,15,1,1400
77,100.0,15.0,2.0,1629.25
78,100.0,15.0,3.0,2535.5
79,100.0,15.0,4.0,2525.734375
80,100,16,0,3200
81,100,16,1,1700
82,100.0,16.0,2.0,1673.5
83,100.0,16.0,3.0,2586.0
84,100.0,16.0,4.0,2566.46875
85,100,17,0,3200
86,100,17,1,1800
87,100.0,17.0,2.0,1636.625
88,100.0,17.0,3.0,2552.25
89,100.0,17.0,4.0,2527.8359375
90,100,18,0,3200
91,100,18,1,1700
92,100.0,18.0,2.0,1618.5
93,100.0,18.0,3.0,2522.0
94,100.0,18.0,4.0,2502.46875
95,100,19,0,3200
96,100,19,1,1600
97,100.0,19.0,2.0,1626.5
98,100.0,19.0,3.0,2539.0
99,100.0,19.0,4.0,2519.46875
100,100,20,0,3200
101,100,20,1,1900
102,100.0,20.0,2.0,1678.75
103,100.0,20.0,3.0,2597.5
104,100.0,20.0,4.0,2568.203125
105,100,21,0,3200
106,100,21,1,1400
107,100.0,21.0,2.0,1600.25
108,100.0,21.0,3.0,2506.5
109,100.0,21.0,4.0,2496.734375
110,100,22,0,3200
111,100,22,1,1600
112,100.0,22.0,2.0,1672.5
113,100.0,22.0,3.0,2585.0
114,100.0,22.0,4.0,2565.46875
115,100,23,0,3200
116,100,23,1,1800
117,100.0,23.0,2.0,1703.625
118,100.0,23.0,3.0,2619.25
119,100.0,23.0,4.0,2594.8359375
120,100,24,0,3200
121,100,24,1,1400
122,100.0,24.0,2.0,1605.25
123,100.0,24.0,3.0,2511.5
124,100.0,24.0,4.0,2501.734375
125,100,25,0,3200
126,100,25,1,1600
127,100.0,25.0,2.0,1663.375
128,100.0,25.0,3.0,2572.75
129,100.0,25.0,4.0,2558.1015625
130,100,26,0,3200
131,100,26,1,1800
132,100.0,26.0,2.0,1658.75
133,100.0,26.0,3.0,2577.5
134,100.0,26.0,4.0,2548.203125
135,100,27,0,3200
136,100,27,1,1800
137,100.0,27.0,2.0,1743.75
138,100.0,27.0,3.0,2662.5
139,100.0,27.0,4.0,2633.203125
140,100,28,0,3200
141,100,28,1,1500
142,100.0,28.0,2.0,1639.5
143,100.0,28.0,3.0,2552.0
144,100.0,28.0,4.0,2532.46875
145,100,29,0,3200
146,100,29,1,1600
147,100.0,29.0,2.0,1604.375
148,100.0,29.0,3.0,2513.75
149,100.0,29.0,4.0,2499.1015625
150,100,30,0,3200
151,100,30,1,1800
152,100.0,30.0,2.0,1704.625
153,100.0,30.0,3.0,2620.25
154,100.0,30.0,4.0,2595.8359375
155,100,31,0,3200
156,100,31,1,1400
157,100.0,31.0,2.0,1634.25
158,100.0,31.0,3.0,2540.5
159,100.0,31.0,4.0,2530.734375
160,100,32,0,3200
161,100,32,1,1700
162,100.0,32.0,2.0,1670.625
163,100.0,32.0,3.0,2586.25
164,100.0,32.0,4.0,2561.8359375
165,100,33,0,3200
166,100,33,1,1800
167,100.0,33.0,2.0,1692.75
168,100.0,33.0,3.0,2611.5
169,100.0,33.0,4.0,2582.203125
170,100,34,0,3200
171,100,34,1,1800
172,100.0,34.0,2.0,1667.625
173,100.0,34.0,3.0,2574.25
174,100.0,34.0,4.0,2549.8359375
175,100,35,0,3200
176,100,35,1,1700
177,100.0,35.0,2.0,1650.5
178,100.0,35.0,3.0,2563.0
179,100.0,35.0,4.0,2543.46875
180,100,36,0,3200
181,100,36,1,1600
182,100.0,36.0,2.0,1678.5
183,100.0,36.0,3.0,2591.0
184,100.0,36.0,4.0,2571.46875
185,100,37,0,3200
186,100,37,1,1300
187,100.0,37.0,2.0,1631.25
188,100.0,37.0,3.0,2537.5
189,100.0,37.0,4.0,2527.734375
190,100,38,0,3200
191,100,38,1,1600
192,100.0,38.0,2.0,1639.375
193,100.0,38.0,3.0,2548.75
194,100.0,38.0,4.0,2534.1015625
195,100,39,0,3200
196,100,39,1,1800
197,100.0,39.0,2.0,1673.75
198,100.0,39.0,3.0,2592.5
199,100.0,39.0,4.0,2563.203125
200,100,40,0,3200
201,100,40,1,2100
202,100.0,40.0,2.0,1681.875
203,100.0,40.0,3.0,2594.75
204,100.0,40.0,4.0,2560.5703125
205,100,41,0,3200
206,100,41,1,1800
207,100.0,41.0,2.0,1706.625
208,100.0,41.0,3.0,2622.25
209,100.0,41.0,4.0,2597.8359375
210,100,42,0,3200
211,100,42,1,1800
212,100.0,42.0,2.0,1663.625
213,100.0,42.0,3.0,2579.25
214,100.0,42.0,4.0,2554.8359375
215,100,43,0,3200
216,100,43,1,1600
217,100.0,43.0,2.0,1622.375
218,100.0,43.0,3.0,2531.75
219,100.0,43.0,4.0,2517.1015625
220,100,44,0,3200
221,100,44,1,1800
222,100.0,44.0,2.0,1625.625
223,100.0,44.0,3.0,2541.25
224,100.0,44.0,4.0,2516.8359375
225,100,45,0,3200
226,100,45,1,1600
227,100.0,45.0,2.0,1654.375
228,100.0,45.0,3.0,2563.75
229,100.0,45.0,4.0,2549.1015625
230,100,46,0,3200
231,100,46,1,1700
232,100.0,46.0,2.0,1689.625
233,100.0,46.0,3.0,2605.25
234,100.0,46.0,4.0,2580.8359375
235,100,47,0,3200
236,100,47,1,1700
237,100.0,47.0,2.0,1656.625
238,100.0,47.0,3.0,2572.25
239,100.0,47.0,4.0,2547.8359375
240,100,48,0,3200
241,100,48,1,1800
242,100.0,48.0,2.0,1746.625
243,100.0,48.0,3.0,2662.25
244,100.0,48.0,4.0,2637.8359375
245,100,49,0,3200
246,100,49,1,1300
247,100.0,49.0,2.0,1598.25
248,100.0,49.0,3.0,2504.5
249,100.0,49.0,4.0,2494.734375
250,100,50,0,3200
251,100,50,1,1800
252,100.0,50.0,2.0,1675.625
253,100.0,50.0,3.0,2591.25
254,100.0,50.0,4.0,2566.8359375
255,100,51,0,3200
256,100,51,1,1600
257,100.0,51.0,2.0,1653.5
258,100.0,51.0,3.0,2566.0
259,100.0,51.0,4.0,2546.46875
260,100,52,0,3200
261,100,52,1,1700
262,100.0,52.0,2.0,1704.625
263,100.0,52.0,3.0,2620.25
264,100.0,52.0,4.0,2595.8359375
265,100,53,0,3200
266,100,53,1,1700
267,100.0,53.0,2.0,1659.625
268,100.0,53.0,3.0,2575.25
269,100.0,53.0,4.0,2550.8359375
270,100,54,0,3200
271,100,54,1,2000
272,100.0,54.0,2.0,1715.875
273,100.0,54.0,3.0,2637.75
274,100.0,54.0,4.0,2603.5703125
275,100,55,0,3200
276,100,55,1,1700
277,100.0,55.0,2.0,1656.625
278,100.0,55.0,3.0,2572.25
279,100.0,55.0,4.0,2547.8359375
280,100,56,0,3200
281,100,56,1,1900
282,100.0,56.0,2.0,1694.75
283,100.0,56.0,3.0,2613.5
284,100.0,56.0,4.0,2584.203125
285,100,57,0,3200
286,100,57,1,1600
287,100.0,57.0,2.0,1637.625
288,100.0,57.0,3.0,2544.25
289,100.0,57.0,4.0,2519.8359375
290,100,58,0,3200
291,100,58,1,1800
292,100.0,58.0,2.0,1669.625
293,100.0,58.0,3.0,2585.25
294,100.0,58.0,4.0,2560.8359375
295,100,59,0,3200
296,100,59,1,1700
297,100.0,59.0,2.0,1626.5
298,100.0,59.0,3.0,2539.0
299,100.0,59.0,4.0,2519.46875
300,100,60,0,3200
301,100,60,1,1700
302,100.0,60.0,2.0,1688.625
303,100.0,60.0,3.0,2604.25
304,100.0,60.0,4.0,2579.8359375
305,100,61,0,3200
306,100,61,1,1500
307,100.0,61.0,2.0,1631.375
308,100.0,61.0,3.0,2540.75
309,100.0,61.0,4.0,2526.1015625
310,100,62,0,3200
311,100,62,1,1600
312,100.0,62.0,2.0,1666.5
313,100.0,62.0,3.0,2579.0
314,100.0,62.0,4.0,2559.46875
315,100,63,0,3200
316,100,63,1,1700
317,100.0,63.0,2.0,1643.5
318,100.0,63.0,3.0,2556.0
319,100.0,63.0,4.0,2536.46875
320,100,64,0,3200
321,100,64,1,1600
322,100.0,64.0,2.0,1642.5
323,100.0,64.0,3.0,2555.0
324,100.0,64.0,4.0,2535.46875
325,100,65,0,3200
326,100,65,1,1800
327,100.0,65.0,2.0,1678.75
328,100.0,65.0,3.0,2597.5
329,100.0,65.0,4.0,2568.203125
330,100,66,0,3200
331,100,66,1,1500
332,100.0,66.0,2.0,1682.5
333,100.0,66.0,3.0,2595.0
334,100.0,66.0,4.0,2575.46875
335,100,67,0,3200
336,100,67,1,1600
337,100.0,67.0,2.0,1663.625
338,100.0,67.0,3.0,2579.25
339,100.0,67.0,4.0,2554.8359375
340,100,68,0,3200
341,100,68,1,1800
342,100.0,68.0,2.0,1616.5
343,100.0,68.0,3.0,2529.0
344,100.0,68.0,4.0,2509.46875
345,100,69,0,3200
346,100,69,1,2100
347,100.0,69.0,2.0,1725.875
348,100.0,69.0,3.0,2647.75
349,100.0,69.0,4.0,2613.5703125
350,100,70,0,3200
351,100,70,1,1800
352,100.0,70.0,2.0,1654.625
353,100.0,70.0,3.0,2570.25
354,100.0,70.0,4.0,2545.8359375
355,100,71,0,3200
356,100,71,1,2000
357,100.0,71.0,2.0,1714.875
358,100.0,71.0,3.0,2636.75
359,100.0,71.0,4.0,2602.5703125
360,100,72,0,3200
361,100,72,1,1800
362,100.0,72.0,2.0,1700.75
363,100.0,72.0,3.0,2619.5
364,100.0,72.0,4.0,2590.203125
365,100,73,0,3200
366,100,73,1,1700
367,100.0,73.0,2.0,1678.625
368,100.0,73.0,3.0,2594.25
369,100.0,73.0,4.0,2569.8359375
370,100,74,0,3200
371,100,74,1,1600
372,100.0,74.0,2.0,1623.5
373,100.0,74.0,3.0,2527.0
374,100.0,74.0,4.0,2507.46875
375,100,75,0,3200
376,100,75,1,1600
377,100.0,75.0,2.0,1645.375
378,100.0,75.0,3.0,2554.75
379,100.0,75.0,4.0,2540.1015625
380,100,76,0,3200
381,100,76,1,1700
382,100.0,76.0,2.0,1663.5
383,100.0,76.0,3.0,2576.0
384,100.0,76.0,4.0,2556.46875
385,100,77,0,3200
386,100,77,1,1600
387,100.0,77.0,2.0,1679.5
388,100.0,77.0,3.0,2592.0
389,100.0,77.0,4.0,2572.46875
390,100,78,0,3200
391,100,78,1,1700
392,100.0,78.0,2.0,1666.5
393,100.0,78.0,3.0,2579.0
394,100.0,78.0,4.0,2559.46875
395,100,79,0,3200
396,100,79,1,1600
397,100.0,79.0,2.0,1645.375
398,100.0,79.0,3.0,2554.75
399,100.0,79.0,4.0,2540.1015625
400,100,80,0,3200
401,100,80,1,1900
402,100.0,80.0,2.0,1661.75
403,100.0,80.0,3.0,2580.5
404,100.0,80.0,4.0,2551.203125
405,100,81,0,3200
406,100,81,1,1700
407,100.0,81.0,2.0,1694.625
408,100.0,81.0,3.0,2610.25
409,100.0,81.0,4.0,2585.8359375
410,100,82,0,3200
411,100,82,1,1800
412,100.0,82.0,2.0,1687.625
413,100.0,82.0,3.0,2603.25
414,100.0,82.0,4.0,2578.8359375
415,100,83,0,3200
416,100,83,1,1800
417,100.0,83.0,2.0,1668.625
418,100.0,83.0,3.0,2584.25
419,100.0,83.0,4.0,2559.8359375
420,100,84,0,3200
421,100,84,1,1400
422,100.0,84.0,2.0,1661.375
423,100.0,84.0,3.0,2570.75
424,100.0,84.0,4.0,2556.1015625
425,100,85,0,3200
426,100,85,1,1600
427,100.0,85.0,2.0,1636.5
428,100.0,85.0,3.0,2549.0
429,100.0,85.0,4.0,2529.46875
430,100,86,0,3200
431,100,86,1,1600
432,100.0,86.0,2.0,1608.375
433,100.0,86.0,3.0,2517.75
434,100.0,86.0,4.0,2503.1015625
435,100,87,0,3200
436,100,87,1,1700
437,100.0,87.0,2.0,1676.5
438,100.0,87.0,3.0,2589.0
439,100.0,87.0,4.0,2569.46875
440,100,88,0,3200
441,100,88,1,2000
442,100.0,88.0,2.0,1672.875
443,100.0,88.0,3.0,2594.75
444,100.0,88.0,4.0,2560.5703125
445,100,89,0,3200
446,100,89,1,1400
447,100.0,89.0,2.0,1662.25
448,100.0,89.0,3.0,2568.5
449,100.0,89.0,4.0,2558.734375
450,100,90,0,3200
451,100,90,1,1600
452,100.0,90.0,2.0,1701.5
453,100.0,90.0,3.0,2614.0
454,100.0,90.0,4.0,2594.46875
455,100,91,0,3200
456,100,91,1,1500
457,100.0,91.0,2.0,1671.375
458,100.0,91.0,3.0,2580.75
459,100.0,91.0,4.0,2566.1015625
460,100,92,0,3200
461,100,92,1,1600
462,100.0,92.0,2.0,1662.5
463,100.0,92.0,3.0,2575.0
464,100.0,92.0,4.0,2555.46875
465,100,93,0,3200
466,100,93,1,1900
467,100.0,93.0,2.0,1679.75
468,100.0,93.0,3.0,2598.5
469,100.0,93.0,4.0,2569.203125
470,100,94,0,3200
471,100,94,1,1700
472,100.0,94.0,2.0,1651.625
473,100.0,94.0,3.0,2567.25
474,100.0,94.0,4.0,2542.8359375
475,100,95,0,3200
476,100,95,1,1900
477,100.0,95.0,2.0,1687.875
478,100.0,95.0,3.0,2609.75
479,100.0,95.0,4.0,2575.5703125
480,100,96,0,3200
481,100,96,1,1800
482,100.0,96.0,2.0,1645.625
483,100.0,96.0,3.0,2561.25
484,100.0,96.0,4.0,2536.8359375
485,100,97,0,3200
486,100,97,1,1600
487,100.0,97.0,2.0,1639.375
488,100.0,97.0,3.0,2548.75
489,100.0,97.0,4.0,2534.1015625
490,100,98,0,3200
491,100,98,1,1700
492,100.0,98.0,2.0,1650.5
493,100.0,98.0,3.0,2554.0
494,100.0,98.0,4.0,2534.46875
495,100,99,0,3200
496,100,99,1,1700
497,100.0,99.0,2.0,1638.5
498,100.0,99.0,3.0,2551.0
499,100.0,99.0,4.0,2531.46875
500,1000,0,0,32000
501,1000,0,1,19000
502,1000.0,0.0,2.0,16713.25
503,1000.0,0.0,3.0,25860.5
504,1000.0,0.0,4.0,25645.65625
505,1000,1,0,32000
506,1000,1,1,18000
507,1000.0,1.0,2.0,16723.0
508,1000.0,1.0,3.0,25839.0
509,1000.0,1.0,4.0,25667.125
510,1000,2,0,32000
511,1000,2,1,19000
512,1000.0,2.0,2.0,16785.25
513,1000.0,2.0,3.0,25932.5
514,1000.0,2.0,4.0,25717.65625
515,1000,3,0,32000
516,1000,3,1,18000
517,1000.0,3.0,2.0,16708.25
518,1000.0,3.0,3.0,25855.5
519,1000.0,3.0,4.0,25640.65625
520,1000,4,0,32000
521,1000,4,1,20000
522,1000.0,4.0,2.0,16765.25
523,1000.0,4.0,3.0,25921.5
524,1000.0,4.0,4.0,25706.65625
525,1000,5,0,32000
526,1000,5,1,17000
527,1000.0,5.0,2.0,16511.0
528,1000.0,5.0,3.0,25618.0
529,1000.0,5.0,4.0,25446.125
530,1000,6,0,32000
531,1000,6,1,20000
532,1000.0,6.0,2.0,16750.25
533,1000.0,6.0,3.0,25879.5
534,1000.0,6.0,4.0,25664.65625
535,1000,7,0,32000
536,1000,7,1,21000
537,1000.0,7.0,2.0,16597.25
538,1000.0,7.0,3.0,25744.5
539,1000.0,7.0,4.0,25529.65625
540,1000,8,0,32000
541,1000,8,1,18000
542,1000.0,8.0,2.0,16552.25
543,1000.0,8.0,3.0,25690.5
544,1000.0,8.0,4.0,25475.65625
545,1000,9,0,32000
546,1000,9,1,19000
547,1000.0,9.0,2.0,16804.25
548,1000.0,9.0,3.0,25942.5
549,1000.0,9.0,4.0,25727.65625
550,1000,10,0,32000
551,1000,10,1,19000
552,1000.0,10.0,2.0,16640.25
553,1000.0,10.0,3.0,25778.5
554,1000.0,10.0,4.0,25563.65625
555,1000,11,0,32000
556,1000,11,1,19000
557,1000.0,11.0,2.0,16763.25
558,1000.0,11.0,3.0,25919.5
559,1000.0,11.0,4.0,25704.65625
560,1000,12,0,32000
561,1000,12,1,18000
562,1000.0,12.0,2.0,16565.0
563,1000.0,12.0,3.0,25681.0
564,1000.0,12.0,4.0,25509.125
565,1000,13,0,32000
566,1000,13,1,18000
567,1000.0,13.0,2.0,16720.25
568,1000.0,13.0,3.0,25876.5
569,1000.0,13.0,4.0,25661.65625
570,1000,14,0,32000
571,1000,14,1,18000
572,1000.0,14.0,2.0,16521.0
573,1000.0,14.0,3.0,25637.0
574,1000.0,14.0,4.0,25465.125
575,1000,15,0,32000
576,1000,15,1,20000
577,1000.0,15.0,2.0,16734.25
578,1000.0,15.0,3.0,25890.5
579,1000.0,15.0,4.0,25675.65625
580,1000,16,0,32000
581,1000,16,1,18000
582,1000.0,16.0,2.0,16783.25
583,1000.0,16.0,3.0,25939.5
584,1000.0,16.0,4.0,25724.65625
585,1000,17,0,32000
586,1000,17,1,19000
587,1000.0,17.0,2.0,16723.25
588,1000.0,17.0,3.0,25870.5
589,1000.0,17.0,4.0,25655.65625
590,1000,18,0,32000
591,1000,18,1,19000
592,1000.0,18.0,2.0,16658.25
593,1000.0,18.0,3.0,25814.5
594,1000.0,18.0,4.0,25599.65625
595,1000,19,0,32000
596,1000,19,1,20000
597,1000.0,19.0,2.0,16666.25
598,1000.0,19.0,3.0,25822.5
599,1000.0,19.0,4.0,25607.65625
600,1000,20,0,32000
601,1000,20,1,17000
602,1000.0,20.0,2.0,16526.0
603,1000.0,20.0,3.0,25642.0
604,1000.0,20.0,4.0,25470.125
605,1000,21,0,32000
606,1000,21,1,18000
607,1000.0,21.0,2.0,16540.0
608,1000.0,21.0,3.0,25656.0
609,1000.0,21.0,4.0,25484.125
610,1000,22,0,32000
611,1000,22,1,19000
612,1000.0,22.0,2.0,16667.0
613,1000.0,22.0,3.0,25774.0
614,1000.0,22.0,4.0,25602.125
615,1000,23,0,32000
616,1000,23,1,19000
617,1000.0,23.0,2.0,16512.25
618,1000.0,23.0,3.0,25668.5
619,1000.0,23.0,4.0,25453.65625
620,1000,24,0,32000
621,1000,24,1,20000
622,1000.0,24.0,2.0,16671.25
623,1000.0,24.0,3.0,25818.5
624,1000.0,24.0,4.0,25603.65625
625,1000,25,0,32000
626,1000,25,1,21000
627,1000.0,25.0,2.0,16623.5
628,1000.0,25.0,3.0,25775.0
629,1000.0,25.0,4.0,25517.1875
630,1000,26,0,32000
631,1000,26,1,19000
632,1000.0,26.0,2.0,16690.25
633,1000.0,26.0,3.0,25837.5
634,1000.0,26.0,4.0,25622.65625
635,1000,27,0,32000
636,1000,27,1,20000
637,1000.0,27.0,2.0,16622.25
638,1000.0,27.0,3.0,25769.5
639,1000.0,27.0,4.0,25554.65625
640,1000,28,0,32000
641,1000,28,1,19000
642,1000.0,28.0,2.0,16567.25
643,1000.0,28.0,3.0,25723.5
644,1000.0,28.0,4.0,25508.65625
645,1000,29,0,32000
646,1000,29,1,19000
647,1000.0,29.0,2.0,16797.0
648,1000.0,29.0,3.0,25922.0
649,1000.0,29.0,4.0,25750.125
650,1000,30,0,32000
651,1000,30,1,19000
652,1000.0,30.0,2.0,16667.25
653,1000.0,30.0,3.0,25823.5
654,1000.0,30.0,4.0,25608.65625
655,1000,31,0,32000
656,1000,31,1,18000
657,1000.0,31.0,2.0,16717.25
658,1000.0,31.0,3.0,25864.5
659,1000.0,31.0,4.0,25649.65625
660,1000,32,0,32000
661,1000,32,1,19000
662,1000.0,32.0,2.0,16691.25
663,1000.0,32.0,3.0,25829.5
664,1000.0,32.0,4.0,25614.65625
665,1000,33,0,32000
666,1000,33,1,20000
667,1000.0,33.0,2.0,16730.25
668,1000.0,33.0,3.0,25886.5
669,1000.0,33.0,4.0,25671.65625
670,1000,34,0,32000
671,1000,34,1,19000
672,1000.0,34.0,2.0,16609.25
673,1000.0,34.0,3.0,25756.5
674,1000.0,34.0,4.0,25541.65625
675,1000,35,0,32000
676,1000,35,1,19000
677,1000.0,35.0,2.0,16540.0
678,1000.0,35.0,3.0,25647.0
679,1000.0,35.0,4.0,25475.125
680,1000,36,0,32000
681,1000,36,1,21000
682,1000.0,36.0,2.0,16655.25
683,1000.0,36.0,3.0,25793.5
684,1000.0,36.0,4.0,25578.65625
685,1000,37,0,32000
686,1000,37,1,20000
687,1000.0,37.0,2.0,16659.25
688,1000.0,37.0,3.0,25797.5
689,1000.0,37.0,4.0,25582.65625
690,1000,38,0,32000
691,1000,38,1,20000
692,1000.0,38.0,2.0,16499.25
693,1000.0,38.0,3.0,25646.5
694,1000.0,38.0,4.0,25431.65625
695,1000,39,0,32000
696,1000,39,1,19000
697,1000.0,39.0,2.0,16694.25
698,1000.0,39.0,3.0,25832.5
699,1000.0,39.0,4.0,25617.65625
700,1000,40,0,32000
701,1000,40,1,20000
702,1000.0,40.0,2.0,16623.25
703,1000.0,40.0,3.0,25752.5
704,1000.0,40.0,4.0,25537.65625
705,1000,41,0,32000
706,1000,41,1,20000
707,1000.0,41.0,2.0,16708.25
708,1000.0,41.0,3.0,25864.5
709,1000.0,41.0,4.0,25649.65625
710,1000,42,0,32000
711,1000,42,1,21000
712,1000.0,42.0,2.0,16653.25
713,1000.0,42.0,3.0,25791.5
714,1000.0,42.0,4.0,25576.65625
715,1000,43,0,32000
716,1000,43,1,18000
717,1000.0,43.0,2.0,16441.0
718,1000.0,43.0,3.0,25566.0
719,1000.0,43.0,4.0,25394.125
720,1000,44,0,32000
721,1000,44,1,20000
722,1000.0,44.0,2.0,16654.25
723,1000.0,44.0,3.0,25810.5
724,1000.0,44.0,4.0,25595.65625
725,1000,45,0,32000
726,1000,45,1,19000
727,1000.0,45.0,2.0,16684.25
728,1000.0,45.0,3.0,25822.5
729,1000.0,45.0,4.0,25607.65625
730,1000,46,0,32000
731,1000,46,1,21000
732,1000.0,46.0,2.0,16513.25
733,1000.0,46.0,3.0,25651.5
734,1000.0,46.0,4.0,25436.65625
735,1000,47,0,32000
736,1000,47,1,18000
737,1000.0,47.0,2.0,16818.25
738,1000.0,47.0,3.0,25965.5
739,1000.0,47.0,4.0,25750.65625
740,1000,48,0,32000
741,1000,48,1,19000
742,1000.0,48.0,2.0,16662.25
743,1000.0,48.0,3.0,25809.5
744,1000.0,48.0,4.0,25594.65625
745,1000,49,0,32000
746,1000,49,1,20000
747,1000.0,49.0,2.0,16705.25
748,1000.0,49.0,3.0,25852.5
749,1000.0,49.0,4.0,25637.65625
750,1000,50,0,32000
751,1000,50,1,19000
752,1000.0,50.0,2.0,16611.25
753,1000.0,50.0,3.0,25767.5
754,1000.0,50.0,4.0,25552.65625
755,1000,51,0,32000
756,1000,51,1,19000
757,1000.0,51.0,2.0,16680.25
758,1000.0,51.0,3.0,25836.5
759,1000.0,51.0,4.0,25621.65625
760,1000,52,0,32000
761,1000,52,1,18000
762,1000.0,52.0,2.0,16707.25
763,1000.0,52.0,3.0,25863.5
764,1000.0,52.0,4.0,25648.65625
765,1000,53,0,32000
766,1000,53,1,21000
767,1000.0,53.0,2.0,16715.25
768,1000.0,53.0,3.0,25862.5
769,1000.0,53.0,4.0,25647.65625
770,1000,54,0,32000
771,1000,54,1,19000
772,1000.0,54.0,2.0,16652.25
773,1000.0,54.0,3.0,25799.5
774,1000.0,54.0,4.0,25584.65625
775,1000,55,0,32000
776,1000,55,1,20000
777,1000.0,55.0,2.0,16689.25
778,1000.0,55.0,3.0,25836.5
779,1000.0,55.0,4.0,25621.65625
780,1000,56,0,32000
781,1000,56,1,19000
782,1000.0,56.0,2.0,16526.0
783,1000.0,56.0,3.0,25642.0
784,1000.0,56.0,4.0,25470.125
785,1000,57,0,32000
786,1000,57,1,18000
787,1000.0,57.0,2.0,16707.25
788,1000.0,57.0,3.0,25863.5
789,1000.0,57.0,4.0,25648.65625
790,1000,58,0,32000
791,1000,58,1,21000
792,1000.0,58.0,2.0,16726.5
793,1000.0,58.0,3.0,25905.0
794,1000.0,58.0,4.0,25647.1875
795,1000,59,0,32000
796,1000,59,1,18000
797,1000.0,59.0,2.0,16523.25
798,1000.0,59.0,3.0,25679.5
799,1000.0,59.0,4.0,25464.65625
800,1000,60,0,32000
801,1000,60,1,18000
802,1000.0,60.0,2.0,16571.25
803,1000.0,60.0,3.0,25718.5
804,1000.0,60.0,4.0,25503.65625
805,1000,61,0,32000
806,1000,61,1,20000
807,1000.0,61.0,2.0,16729.25
808,1000.0,61.0,3.0,25876.5
809,1000.0,61.0,4.0,25661.65625
810,1000,62,0,32000
811,1000,62,1,19000
812,1000.0,62.0,2.0,16625.25
813,1000.0,62.0,3.0,25754.5
814,1000.0,62.0,4.0,25539.65625
815,1000,63,0,32000
816,1000,63,1,19000
817,1000.0,63.0,2.0,16584.25
818,1000.0,63.0,3.0,25740.5
819,1000.0,63.0,4.0,25525.65625
820,1000,64,0,32000
821,1000,64,1,18000
822,1000.0,64.0,2.0,16743.25
823,1000.0,64.0,3.0,25899.5
824,1000.0,64.0,4.0,25684.65625
825,1000,65,0,32000
826,1000,65,1,19000
827,1000.0,65.0,2.0,16831.25
828,1000.0,65.0,3.0,25960.5
829,1000.0,65.0,4.0,25745.65625
830,1000,66,0,32000
831,1000,66,1,18000
832,1000.0,66.0,2.0,16590.0
833,1000.0,66.0,3.0,25706.0
834,1000.0,66.0,4.0,25534.125
835,1000,67,0,32000
836,1000,67,1,17000
837,1000.0,67.0,2.0,16755.25
838,1000.0,67.0,3.0,25911.5
839,1000.0,67.0,4.0,25696.65625
840,1000,68,0,32000
841,1000,68,1,18000
842,1000.0,68.0,2.0,16570.25
843,1000.0,68.0,3.0,25708.5
844,1000.0,68.0,4.0,25493.65625
845,1000,69,0,32000
846,1000,69,1,19000
847,1000.0,69.0,2.0,16615.0
848,1000.0,69.0,3.0,25740.0
849,1000.0,69.0,4.0,25568.125
850,1000,70,0,32000
851,1000,70,1,21000
852,1000.0,70.0,2.0,16688.5
853,1000.0,70.0,3.0,25867.0
854,1000.0,70.0,4.0,25609.1875
855,1000,71,0,32000
856,1000,71,1,19000
857,1000.0,71.0,2.0,16549.0
858,1000.0,71.0,3.0,25665.0
859,1000.0,71.0,4.0,25493.125
860,1000,72,0,32000
861,1000,72,1,18000
862,1000.0,72.0,2.0,16389.0
863,1000.0,72.0,3.0,25514.0
864,1000.0,72.0,4.0,25342.125
865,1000,73,0,32000
866,1000,73,1,21000
867,1000.0,73.0,2.0,16718.5
868,1000.0,73.0,3.0,25888.0
869,1000.0,73.0,4.0,25630.1875
870,1000,74,0,32000
871,1000,74,1,19000
872,1000.0,74.0,2.0,16701.25
873,1000.0,74.0,3.0,25839.5
874,1000.0,74.0,4.0,25624.65625
875,1000,75,0,32000
876,1000,75,1,19000
877,1000.0,75.0,2.0,16557.25
878,1000.0,75.0,3.0,25686.5
879,1000.0,75.0,4.0,25471.65625
880,1000,76,0,32000
881,1000,76,1,19000
882,1000.0,76.0,2.0,16747.25
883,1000.0,76.0,3.0,25894.5
884,1000.0,76.0,4.0,25679.65625
885,1000,77,0,32000
886,1000,77,1,20000
887,1000.0,77.0,2.0,16719.5
888,1000.0,77.0,3.0,25871.0
889,1000.0,77.0,4.0,25613.1875
890,1000,78,0,32000
891,1000,78,1,19000
892,1000.0,78.0,2.0,16785.25
893,1000.0,78.0,3.0,25941.5
894,1000.0,78.0,4.0,25726.65625
895,1000,79,0,32000
896,1000,79,1,19000
897,1000.0,79.0,2.0,16522.25
898,1000.0,79.0,3.0,25669.5
899,1000.0,79.0,4.0,25454.65625
900,1000,80,0,32000
901,1000,80,1,19000
902,1000.0,80.0,2.0,16656.25
903,1000.0,80.0,3.0,25812.5
904,1000.0,80.0,4.0,25597.65625
905,1000,81,0,32000
906,1000,81,1,18000
907,1000.0,81.0,2.0,16529.0
908,1000.0,81.0,3.0,25654.0
909,1000.0,81.0,4.0,25482.125
910,1000,82,0,32000
911,1000,82,1,19000
912,1000.0,82.0,2.0,16682.25
913,1000.0,82.0,3.0,25838.5
914,1000.0,82.0,4.0,25623.65625
915,1000,83,0,32000
916,1000,83,1,19000
917,1000.0,83.0,2.0,16663.25
918,1000.0,83.0,3.0,25792.5
919,1000.0,83.0,4.0,25577.65625
920,1000,84,0,32000
921,1000,84,1,20000
922,1000.0,84.0,2.0,16699.25
923,1000.0,84.0,3.0,25846.5
924,1000.0,84.0,4.0,25631.65625
925,1000,85,0,32000
926,1000,85,1,19000
927,1000.0,85.0,2.0,16620.25
928,1000.0,85.0,3.0,25776.5
929,1000.0,85.0,4.0,25561.65625
930,1000,86,0,32000
931,1000,86,1,19000
932,1000.0,86.0,2.0,16455.25
933,1000.0,86.0,3.0,25602.5
934,1000.0,86.0,4.0,25387.65625
935,1000,87,0,32000
936,1000,87,1,18000
937,1000.0,87.0,2.0,16429.0
938,1000.0,87.0,3.0,25554.0
939,1000.0,87.0,4.0,25382.125
940,1000,88,0,32000
941,1000,88,1,18000
942,1000.0,88.0,2.0,16562.0
943,1000.0,88.0,3.0,25678.0
944,1000.0,88.0,4.0,25506.125
945,1000,89,0,32000
946,1000,89,1,19000
947,1000.0,89.0,2.0,16677.25
948,1000.0,89.0,3.0,25824.5
949,1000.0,89.0,4.0,25609.65625
950,1000,90,0,32000
951,1000,90,1,19000
952,1000.0,90.0,2.0,16429.0
953,1000.0,90.0,3.0,25545.0
954,1000.0,90.0,4.0,25373.125
955,1000,91,0,32000
956,1000,91,1,20000
957,1000.0,91.0,2.0,16685.25
958,1000.0,91.0,3.0,25832.5
959,1000.0,91.0,4.0,25617.65625
960,1000,92,0,32000
961,1000,92,1,19000
962,1000.0,92.0,2.0,16723.25
963,1000.0,92.0,3.0,25861.5
964,1000.0,92.0,4.0,25646.65625
965,1000,93,0,32000
966,1000,93,1,19000
967,1000.0,93.0,2.0,16584.0
968,1000.0,93.0,3.0,25709.0
969,1000.0,93.0,4.0,25537.125
970,1000,94,0,32000
971,1000,94,1,19000
972,1000.0,94.0,2.0,16758.25
973,1000.0,94.0,3.0,25905.5
974,1000.0,94.0,4.0,25690.65625
975,1000,95,0,32000
976,1000,95,1,19000
977,1000.0,95.0,2.0,16731.25
978,1000.0,95.0,3.0,25878.5
979,1000.0,95.0,4.0,25663.65625
980,1000,96,0,32000
981,1000,96,1,20000
982,1000.0,96.0,2.0,16597.25
983,1000.0,96.0,3.0,25744.5
984,1000.0,96.0,4.0,25529.65625
985,1000,97,0,32000
986,1000,97,1,20000
987,1000.0,97.0,2.0,16743.25
988,1000.0,97.0,3.0,25881.5
989,1000.0,97.0,4.0,25666.65625
990,1000,98,0,32000
991,1000,98,1,19000
992,1000.0,98.0,2.0,16546.25
993,1000.0,98.0,3.0,25693.5
994,1000.0,98.0,4.0,25478.65625
995,1000,99,0,32000
996,1000,99,1,19000
997,1000.0,99.0,2.0,16731.25
998,1000.0,99.0,3.0,25869.5
999,1000.0,99.0,4.0,25654.65625
1000,10000,0,0,320000
1001,10000,0,1,200000
1002,10000.0,0.0,2.0,166724.5
1003,10000.0,0.0,3.0,258233.0
1004,10000.0,0.0,4.0,256475.1875
1005,10000,1,0,320000
1006,10000,1,1,210000
1007,10000.0,1.0,2.0,166099.5
1008,10000.0,1.0,3.0,257599.0
1009,10000.0,1.0,4.0,255841.1875
1010,10000,2,0,320000
1011,10000,2,1,210000
1012,10000.0,2.0,2.0,166312.5
1013,10000.0,2.0,3.0,257803.0
1014,10000.0,2.0,4.0,256045.1875
1015,10000,3,0,320000
1016,10000,3,1,210000
1017,10000.0,3.0,2.0,166408.5
1018,10000.0,3.0,3.0,257890.0
1019,10000.0,3.0,4.0,256132.1875
1020,10000,4,0,320000
1021,10000,4,1,200000
1022,10000.0,4.0,2.0,166559.5
1023,10000.0,4.0,3.0,258095.0
1024,10000.0,4.0,4.0,256337.1875
1025,10000,5,0,320000
1026,10000,5,1,200000
1027,10000.0,5.0,2.0,166363.5
1028,10000.0,5.0,3.0,257872.0
1029,10000.0,5.0,4.0,256114.1875
1030,10000,6,0,320000
1031,10000,6,1,200000
1032,10000.0,6.0,2.0,166700.5
1033,10000.0,6.0,3.0,258164.0
1034,10000.0,6.0,4.0,256406.1875
1035,10000,7,0,320000
1036,10000,7,1,210000
1037,10000.0,7.0,2.0,166273.5
1038,10000.0,7.0,3.0,257746.0
1039,10000.0,7.0,4.0,255988.1875
1040,10000,8,0,320000
1041,10000,8,1,210000
1042,10000.0,8.0,2.0,166396.5
1043,10000.0,8.0,3.0,257842.0
1044,10000.0,8.0,4.0,256084.1875
1045,10000,9,0,320000
1046,10000,9,1,200000
1047,10000.0,9.0,2.0,166496.5
1048,10000.0,9.0,3.0,257969.0
1049,10000.0,9.0,4.0,256211.1875
1050,10000,10,0,320000
1051,10000,10,1,200000
1052,10000.0,10.0,2.0,166674.5
1053,10000.0,10.0,3.0,258156.0
1054,10000.0,10.0,4.0,256398.1875
1055,10000,11,0,320000
1056,10000,11,1,200000
1057,10000.0,11.0,2.0,167210.5
1058,10000.0,11.0,3.0,258674.0
1059,10000.0,11.0,4.0,256916.1875
1060,10000,12,0,320000
1061,10000,12,1,200000
1062,10000.0,12.0,2.0,166265.5
1063,10000.0,12.0,3.0,257693.0
1064,10000.0,12.0,4.0,255935.1875
1065,10000,13,0,320000
1066,10000,13,1,210000
1067,10000.0,13.0,2.0,166681.5
1068,10000.0,13.0,3.0,258154.0
1069,10000.0,13.0,4.0,256396.1875
1070,10000,14,0,320000
1071,10000,14,1,210000
1072,10000.0,14.0,2.0,166751.5
1073,10000.0,14.0,3.0,258242.0
1074,10000.0,14.0,4.0,256484.1875
1075,10000,15,0,320000
1076,10000,15,1,200000
1077,10000.0,15.0,2.0,166521.5
1078,10000.0,15.0,3.0,258057.0
1079,10000.0,15.0,4.0,256299.1875
1080,10000,16,0,320000
1081,10000,16,1,200000
1082,10000.0,16.0,2.0,166101.5
1083,10000.0,16.0,3.0,257592.0
1084,10000.0,16.0,4.0,255834.1875
1085,10000,17,0,320000
1086,10000,17,1,200000
1087,10000.0,17.0,2.0,166372.5
1088,10000.0,17.0,3.0,257809.0
1089,10000.0,17.0,4.0,256051.1875
1090,10000,18,0,320000
1091,10000,18,1,200000
1092,10000.0,18.0,2.0,166000.5
1093,10000.0,18.0,3.0,257446.0
1094,10000.0,18.0,4.0,255688.1875
1095,10000,19,0,320000
1096,10000,19,1,200000
1097,10000.0,19.0,2.0,166851.5
1098,10000.0,19.0,3.0,258297.0
1099,10000.0,19.0,4.0,256539.1875
1100,10000,20,0,320000
1101,10000,20,1,200000
1102,10000.0,20.0,2.0,166343.5
1103,10000.0,20.0,3.0,257789.0
1104,10000.0,20.0,4.0,256031.1875
1105,10000,21,0,320000
1106,10000,21,1,210000
1107,10000.0,21.0,2.0,166778.5
1108,10000.0,21.0,3.0,258269.0
1109,10000.0,21.0,4.0,256511.1875
1110,10000,22,0,320000
1111,10000,22,1,200000
1112,10000.0,22.0,2.0,166612.5
1113,10000.0,22.0,3.0,258085.0
1114,10000.0,22.0,4.0,256327.1875
1115,10000,23,0,320000
1116,10000,23,1,200000
1117,10000.0,23.0,2.0,166882.5
1118,10000.0,23.0,3.0,258355.0
1119,10000.0,23.0,4.0,256597.1875
1120,10000,24,0,320000
1121,10000,24,1,210000
1122,10000.0,24.0,2.0,166219.5
1123,10000.0,24.0,3.0,257728.0
1124,10000.0,24.0,4.0,255970.1875
1125,10000,25,0,320000
1126,10000,25,1,200000
1127,10000.0,25.0,2.0,166516.5
1128,10000.0,25.0,3.0,258016.0
1129,10000.0,25.0,4.0,256258.1875
1130,10000,26,0,320000
1131,10000,26,1,200000
1132,10000.0,26.0,2.0,167045.5
1133,10000.0,26.0,3.0,258509.0
1134,10000.0,26.0,4.0,256751.1875
1135,10000,27,0,320000
1136,10000,27,1,200000
1137,10000.0,27.0,2.0,166715.5
1138,10000.0,27.0,3.0,258206.0
1139,10000.0,27.0,4.0,256448.1875
1140,10000,28,0,320000
1141,10000,28,1,210000
1142,10000.0,28.0,2.0,166456.5
1143,10000.0,28.0,3.0,257929.0
1144,10000.0,28.0,4.0,256171.1875
1145,10000,29,0,320000
1146,10000,29,1,210000
1147,10000.0,29.0,2.0,167398.5
1148,10000.0,29.0,3.0,258871.0
1149,10000.0,29.0,4.0,257113.1875
1150,10000,30,0,320000
1151,10000,30,1,200000
1152,10000.0,30.0,2.0,166386.5
1153,10000.0,30.0,3.0,257832.0
1154,10000.0,30.0,4.0,256074.1875
1155,10000,31,0,320000
1156,10000,31,1,210000
1157,10000.0,31.0,2.0,166930.5
1158,10000.0,31.0,3.0,258403.0
1159,10000.0,31.0,4.0,256645.1875
1160,10000,32,0,320000
1161,10000,32,1,200000
1162,10000.0,32.0,2.0,166325.5
1163,10000.0,32.0,3.0,257753.0
1164,10000.0,32.0,4.0,255995.1875
1165,10000,33,0,320000
1166,10000,33,1,210000
1167,10000.0,33.0,2.0,166915.5
1168,10000.0,33.0,3.0,258370.0
1169,10000.0,33.0,4.0,256612.1875
1170,10000,34,0,320000
1171,10000,34,1,200000
1172,10000.0,34.0,2.0,166647.5
1173,10000.0,34.0,3.0,258111.0
1174,10000.0,34.0,4.0,256353.1875
1175,10000,35,0,320000
1176,10000,35,1,200000
1177,10000.0,35.0,2.0,166736.5
1178,10000.0,35.0,3.0,258200.0
1179,10000.0,35.0,4.0,256442.1875
1180,10000,36,0,320000
1181,10000,36,1,210000
1182,10000.0,36.0,2.0,166681.5
1183,10000.0,36.0,3.0,258154.0
1184,10000.0,36.0,4.0,256396.1875
1185,10000,37,0,320000
1186,10000,37,1,200000
1187,10000.0,37.0,2.0,166366.5
1188,10000.0,37.0,3.0,257758.0
1189,10000.0,37.0,4.0,256000.1875
1190,10000,38,0,320000
1191,10000,38,1,210000
1192,10000.0,38.0,2.0,166535.5
1193,10000.0,38.0,3.0,257963.0
1194,10000.0,38.0,4.0,256205.1875
1195,10000,39,0,320000
1196,10000,39,1,210000
1197,10000.0,39.0,2.0,166696.5
1198,10000.0,39.0,3.0,258187.0
1199,10000.0,39.0,4.0,256429.1875
1200,10000,40,0,320000
1201,10000,40,1,200000
1202,10000.0,40.0,2.0,166517.5
1203,10000.0,40.0,3.0,258017.0
1204,10000.0,40.0,4.0,256259.1875
1205,10000,41,0,320000
1206,10000,41,1,200000
1207,10000.0,41.0,2.0,166475.5
1208,10000.0,41.0,3.0,257984.0
1209,10000.0,41.0,4.0,256226.1875
1210,10000,42,0,320000
1211,10000,42,1,200000
1212,10000.0,42.0,2.0,166408.5
1213,10000.0,42.0,3.0,257881.0
1214,10000.0,42.0,4.0,256123.1875
1215,10000,43,0,320000
1216,10000,43,1,210000
1217,10000.0,43.0,2.0,166718.5
1218,10000.0,43.0,3.0,258200.0
1219,10000.0,43.0,4.0,256442.1875
1220,10000,44,0,320000
1221,10000,44,1,200000
1222,10000.0,44.0,2.0,167020.5
1223,10000.0,44.0,3.0,258529.0
1224,10000.0,44.0,4.0,256771.1875
1225,10000,45,0,320000
1226,10000,45,1,200000
1227,10000.0,45.0,2.0,166887.5
1228,10000.0,45.0,3.0,258396.0
1229,10000.0,45.0,4.0,256638.1875
1230,10000,46,0,320000
1231,10000,46,1,210000
1232,10000.0,46.0,2.0,166911.5
1233,10000.0,46.0,3.0,258402.0
1234,10000.0,46.0,4.0,256644.1875
1235,10000,47,0,320000
1236,10000,47,1,200000
1237,10000.0,47.0,2.0,166334.5
1238,10000.0,47.0,3.0,257834.0
1239,10000.0,47.0,4.0,256076.1875
1240,10000,48,0,320000
1241,10000,48,1,200000
1242,10000.0,48.0,2.0,166475.5
1243,10000.0,48.0,3.0,257993.0
1244,10000.0,48.0,4.0,256235.1875
1245,10000,49,0,320000
1246,10000,49,1,210000
1247,10000.0,49.0,2.0,166270.5
1248,10000.0,49.0,3.0,257707.0
1249,10000.0,49.0,4.0,255949.1875
1250,10000,50,0,320000
1251,10000,50,1,200000
1252,10000.0,50.0,2.0,165796.5
1253,10000.0,50.0,3.0,257260.0
1254,10000.0,50.0,4.0,255502.1875
1255,10000,51,0,320000
1256,10000,51,1,200000
1257,10000.0,51.0,2.0,166818.5
1258,10000.0,51.0,3.0,258318.0
1259,10000.0,51.0,4.0,256560.1875
1260,10000,52,0,320000
1261,10000,52,1,200000
1262,10000.0,52.0,2.0,166754.5
1263,10000.0,52.0,3.0,258263.0
1264,10000.0,52.0,4.0,256505.1875
1265,10000,53,0,320000
1266,10000,53,1,210000
1267,10000.0,53.0,2.0,166076.5
1268,10000.0,53.0,3.0,257495.0
1269,10000.0,53.0,4.0,255737.1875
1270,10000,54,0,320000
1271,10000,54,1,200000
1272,10000.0,54.0,2.0,166749.5
1273,10000.0,54.0,3.0,258240.0
1274,10000.0,54.0,4.0,256482.1875
1275,10000,55,0,320000
1276,10000,55,1,210000
1277,10000.0,55.0,2.0,166073.5
1278,10000.0,55.0,3.0,257573.0
1279,10000.0,55.0,4.0,255815.1875
1280,10000,56,0,320000
1281,10000,56,1,210000
1282,10000.0,56.0,2.0,166767.5
1283,10000.0,56.0,3.0,258294.0
1284,10000.0,56.0,4.0,256536.1875
1285,10000,57,0,320000
1286,10000,57,1,200000
1287,10000.0,57.0,2.0,166253.5
1288,10000.0,57.0,3.0,257699.0
1289,10000.0,57.0,4.0,255941.1875
1290,10000,58,0,320000
1291,10000,58,1,200000
1292,10000.0,58.0,2.0,166242.5
1293,10000.0,58.0,3.0,257670.0
1294,10000.0,58.0,4.0,255912.1875
1295,10000,59,0,320000
1296,10000,59,1,210000
1297,10000.0,59.0,2.0,166226.5
1298,10000.0,59.0,3.0,257717.0
1299,10000.0,59.0,4.0,255959.1875
1300,10000,60,0,320000
1301,10000,60,1,200000
1302,10000.0,60.0,2.0,166253.5
1303,10000.0,60.0,3.0,257762.0
1304,10000.0,60.0,4.0,256004.1875
1305,10000,61,0,320000
1306,10000,61,1,200000
1307,10000.0,61.0,2.0,166512.5
1308,10000.0,61.0,3.0,257967.0
1309,10000.0,61.0,4.0,256209.1875
1310,10000,62,0,320000
1311,10000,62,1,190000
1312,10000.0,62.0,2.0,166231.5
1313,10000.0,62.0,3.0,257695.0
1314,10000.0,62.0,4.0,255937.1875
1315,10000,63,0,320000
1316,10000,63,1,200000
1317,10000.0,63.0,2.0,166601.5
1318,10000.0,63.0,3.0,258074.0
1319,10000.0,63.0,4.0,256316.1875
1320,10000,64,0,320000
1321,10000,64,1,210000
1322,10000.0,64.0,2.0,166767.5
1323,10000.0,64.0,3.0,258267.0
1324,10000.0,64.0,4.0,256509.1875
1325,10000,65,0,320000
1326,10000,65,1,210000
1327,10000.0,65.0,2.0,166628.5
1328,10000.0,65.0,3.0,258083.0
1329,10000.0,65.0,4.0,256325.1875
1330,10000,66,0,320000
1331,10000,66,1,200000
1332,10000.0,66.0,2.0,167116.5
1333,10000.0,66.0,3.0,258553.0
1334,10000.0,66.0,4.0,256795.1875
1335,10000,67,0,320000
1336,10000,67,1,200000
1337,10000.0,67.0,2.0,166367.5
1338,10000.0,67.0,3.0,257795.0
1339,10000.0,67.0,4.0,256037.1875
1340,10000,68,0,320000
1341,10000,68,1,210000
1342,10000.0,68.0,2.0,166351.5
1343,10000.0,68.0,3.0,257788.0
1344,10000.0,68.0,4.0,256030.1875
1345,10000,69,0,320000
1346,10000,69,1,200000
1347,10000.0,69.0,2.0,166552.5
1348,10000.0,69.0,3.0,258052.0
1349,10000.0,69.0,4.0,256294.1875
1350,10000,70,0,320000
1351,10000,70,1,200000
1352,10000.0,70.0,2.0,166824.5
1353,10000.0,70.0,3.0,258306.0
1354,10000.0,70.0,4.0,256548.1875
1355,10000,71,0,320000
1356,10000,71,1,210000
1357,10000.0,71.0,2.0,166432.5
1358,10000.0,71.0,3.0,257914.0
1359,10000.0,71.0,4.0,256156.1875
1360,10000,72,0,320000
1361,10000,72,1,210000
1362,10000.0,72.0,2.0,166259.5
1363,10000.0,72.0,3.0,257633.0
1364,10000.0,72.0,4.0,255875.1875
1365,10000,73,0,320000
1366,10000,73,1,210000
1367,10000.0,73.0,2.0,166863.5
1368,10000.0,73.0,3.0,258318.0
1369,10000.0,73.0,4.0,256560.1875
1370,10000,74,0,320000
1371,10000,74,1,210000
1372,10000.0,74.0,2.0,166753.5
1373,10000.0,74.0,3.0,258253.0
1374,10000.0,74.0,4.0,256495.1875
1375,10000,75,0,320000
1376,10000,75,1,200000
1377,10000.0,75.0,2.0,166448.5
1378,10000.0,75.0,3.0,257966.0
1379,10000.0,75.0,4.0,256208.1875
1380,10000,76,0,320000
1381,10000,76,1,200000
1382,10000.0,76.0,2.0,165928.5
1383,10000.0,76.0,3.0,257437.0
1384,10000.0,76.0,4.0,255679.1875
1385,10000,77,0,320000
1386,10000,77,1,200000
1387,10000.0,77.0,2.0,166276.5
1388,10000.0,77.0,3.0,257722.0
1389,10000.0,77.0,4.0,255964.1875
1390,10000,78,0,320000
1391,10000,78,1,200000
1392,10000.0,78.0,2.0,166252.5
1393,10000.0,78.0,3.0,257698.0
1394,10000.0,78.0,4.0,255940.1875
1395,10000,79,0,320000
1396,10000,79,1,210000
1397,10000.0,79.0,2.0,166730.5
1398,10000.0,79.0,3.0,258266.0
1399,10000.0,79.0,4.0,256508.1875
1400,10000,80,0,320000
1401,10000,80,1,200000
1402,10000.0,80.0,2.0,166197.5
1403,10000.0,80.0,3.0,257715.0
1404,10000.0,80.0,4.0,255957.1875
1405,10000,81,0,320000
1406,10000,81,1,210000
1407,10000.0,81.0,2.0,166216.5
1408,10000.0,81.0,3.0,257734.0
1409,10000.0,81.0,4.0,255976.1875
1410,10000,82,0,320000
1411,10000,82,1,210000
1412,10000.0,82.0,2.0,166751.5
1413,10000.0,82.0,3.0,258269.0
1414,10000.0,82.0,4.0,256511.1875
1415,10000,83,0,320000
1416,10000,83,1,210000
1417,10000.0,83.0,2.0,166282.5
1418,10000.0,83.0,3.0,257764.0
1419,10000.0,83.0,4.0,256006.1875
1420,10000,84,0,320000
1421,10000,84,1,200000
1422,10000.0,84.0,2.0,166602.5
1423,10000.0,84.0,3.0,258129.0
1424,10000.0,84.0,4.0,256371.1875
1425,10000,85,0,320000
1426,10000,85,1,210000
1427,10000.0,85.0,2.0,166966.5
1428,10000.0,85.0,3.0,258439.0
1429,10000.0,85.0,4.0,256681.1875
1430,10000,86,0,320000
1431,10000,86,1,200000
1432,10000.0,86.0,2.0,166793.5
1433,10000.0,86.0,3.0,258311.0
1434,10000.0,86.0,4.0,256553.1875
1435,10000,87,0,320000
1436,10000,87,1,210000
1437,10000.0,87.0,2.0,166645.5
1438,10000.0,87.0,3.0,258127.0
1439,10000.0,87.0,4.0,256369.1875
1440,10000,88,0,320000
1441,10000,88,1,210000
1442,10000.0,88.0,2.0,166691.5
1443,10000.0,88.0,3.0,258146.0
1444,10000.0,88.0,4.0,256388.1875
1445,10000,89,0,320000
1446,10000,89,1,200000
1447,10000.0,89.0,2.0,166434.5
1448,10000.0,89.0,3.0,257934.0
1449,10000.0,89.0,4.0,256176.1875
1450,10000,90,0,320000
1451,10000,90,1,200000
1452,10000.0,90.0,2.0,166589.5
1453,10000.0,90.0,3.0,258134.0
1454,10000.0,90.0,4.0,256376.1875
1455,10000,91,0,320000
1456,10000,91,1,200000
1457,10000.0,91.0,2.0,166573.5
1458,10000.0,91.0,3.0,258073.0
1459,10000.0,91.0,4.0,256315.1875
1460,10000,92,0,320000
1461,10000,92,1,210000
1462,10000.0,92.0,2.0,166449.5
1463,10000.0,92.0,3.0,257922.0
1464,10000.0,92.0,4.0,256164.1875
1465,10000,93,0,320000
1466,10000,93,1,200000
1467,10000.0,93.0,2.0,166846.5
1468,10000.0,93.0,3.0,258283.0
1469,10000.0,93.0,4.0,256525.1875
1470,10000,94,0,320000
1471,10000,94,1,200000
1472,10000.0,94.0,2.0,166123.5
1473,10000.0,94.0,3.0,257623.0
1474,10000.0,94.0,4.0,255865.1875
1475,10000,95,0,320000
1476,10000,95,1,200000
1477,10000.0,95.0,2.0,166294.5
1478,10000.0,95.0,3.0,257758.0
1479,10000.0,95.0,4.0,256000.1875
1480,10000,96,0,320000
1481,10000,96,1,210000
1482,10000.0,96.0,2.0,166745.5
1483,10000.0,96.0,3.0,258218.0
1484,10000.0,96.0,4.0,256460.1875
1485,10000,97,0,320000
1486,10000,97,1,190000
1487,10000.0,97.0,2.0,166084.5
1488,10000.0,97.0,3.0,257566.0
1489,10000.0,97.0,4.0,255808.1875
1490,10000,98,0,320000
1491,10000,98,1,200000
1492,10000.0,98.0,2.0,166241.5
1493,10000.0,98.0,3.0,257732.0
1494,10000.0,98.0,4.0,255974.1875
1495,10000,99,0,320000
1496,10000,99,1,200000
1497,10000.0,99.0,2.0,166488.5
1498,10000.0,99.0,3.0,257961.0
1499,10000.0,99.0,4.0,256203.1875
